{"mean": [317.6417038061268, 66.79737336954152, 0.5263875718514659, 23.990420488636246, 0.6626345033539341, 0.9686477037305079, 15.592390282103304, 5.246167420315429, 11.976011435321208, 1.061431565015992, 8.084151317966251, 299.3799110312684, 111.8056298014529, 2734.8067808018336, 374.86814115693664, 76.41942535959363, 0.6023264126616105, 0.8333543122153437, 15.764400797443939, 16.690305503474136], "std": [1023.8633645396809, 75.7704378785986, 0.11717802379258074, 22.88863783778875, 0.21424493453654214, 0.0761921360616868, 12.689415400999199, 3.469868317171191, 16.849578418426454, 1.1429618627045306, 13.427307126020825, 723.5848953865667, 501.028399307295, 9421.880081164012, 664.1847983289941, 88.43020934201223, 0.24463342673811433, 0.20069779008321384, 12.738891391177782, 26.904990281065643], "var": [1048296.1892465154, 5741.159256314569, 0.013730689259934618, 523.8897420694548, 0.045900891974567225, 0.005805241597642594, 161.02126321911564, 12.039986138508434, 283.90829287870247, 1.3063618195970101, 180.29257665648964, 523575.10083158873, 251029.4569124302, 88771824.26383516, 441141.4463313266, 7819.901924272108, 0.05984551347763236, 0.040279602944285765, 162.2793538762234, 723.8785020242368]}