{"mean": [387.8515028980215, 71.26472540724775, 0.5281477889332592, 25.007910581033272, 0.6534204304479525, 0.9716507330105221, 13.338319175218537, 5.212681779298546, 16.710843070468098, 1.1230752780153979, 8.181137724550899, 339.74378911386196, 190.51450288284892, 4240.259118930384, 319.436897307518, 75.85823327706274, 0.5853560671575444, 0.8580360674000754, 13.224636322169431, 15.07698887938409], "std": [1586.4102182820952, 110.73935838597261, 0.11935650474811624, 28.129869752755926, 0.2135781610563585, 0.07973013559518444, 11.643716691270761, 4.0215413326248655, 110.09945528926296, 3.6496091807566295, 24.54815180683849, 870.0268593306598, 921.3796175192797, 20065.81754341046, 752.5821630079208, 130.4029021061402, 0.24928143682585402, 0.19725749271663123, 11.473424756565265, 28.021882427535033], "var": [2516697.380669845, 12263.205495736882, 0.014245975225687093, 791.2895723070128, 0.04561563088021581, 0.006356894522026496, 135.57613838657733, 16.172794690010182, 12121.890054992415, 13.319647172263078, 602.6117571315879, 756946.7359567718, 848940.3995799741, 402637033.685439, 566379.9120776807, 17004.91687770359, 0.06214123474596225, 0.03891051843285182, 131.63947564456473, 785.2258947825967]}